arm,tstart,steps,nfe,depth,cfg_tar,n,run,lpaps,lpaps_sem,clap,clap_sem,muq,muq_sem
DDIM Inv.,200,800,800,25,6.0,115,audioldm2_ddim_nolora_hparam_nfe800_t200_s800_cfgtar6.0,3.878246722507674,0.0408353862157244,0.2580920002243518,0.011515710165495087,0.1788153953263131,0.016905127903949883
DDIM Inv.,200,400,800,50,6.0,115,audioldm2_ddim_nolora_hparam_nfe800_t200_s400_cfgtar6.0,4.160381961002113,0.04993205018574849,0.30523242357281455,0.011055848094337632,0.22763399002749635,0.01631110334186199
DDIM Inv.,200,200,800,100,6.0,115,audioldm2_ddim_nolora_hparam_nfe800_t200_s200_cfgtar6.0,5.7784716978527255,0.06003084947213586,0.3449464009321964,0.010354383425873984,0.33939000376621664,0.013929219459652014
DDIM Inv.,200,800,800,25,12.0,115,audioldm2_ddim_nolora_hparam_nfe800_t200_s800_cfgtar12.0,3.951506483169817,0.04195076209581777,0.2711008871917846,0.011393150167442986,0.19214487329692295,0.016733462933927322
DDIM Inv.,200,400,800,50,12.0,115,audioldm2_ddim_nolora_hparam_nfe800_t200_s400_cfgtar12.0,4.438228761986917,0.05151847374209004,0.3302994362497798,0.010503093556154072,0.2654169120542381,0.015964554138767836
DDIM Inv.,200,200,800,100,12.0,115,audioldm2_ddim_nolora_hparam_nfe800_t200_s200_cfgtar12.0,6.071266707031376,0.05298986546784915,0.34533138128928836,0.010637963482341872,0.33882659938105425,0.01323434837938472
DDIM Inv. + LoRA (Gen),200,800,800,25,6.0,115,audioldm2_ddimlora_attn_r8_a4_lr5e-5_checkpoint_step_4000_hparam_nfe800_t200_s800_cfgtar6.0,3.87886837154195,0.04074511324188413,0.2576538723588807,0.011530579521234098,0.17881171346196661,0.016898130049625145
DDIM Inv. + LoRA (Gen),200,400,800,50,6.0,115,audioldm2_ddimlora_attn_r8_a4_lr5e-5_checkpoint_step_4000_hparam_nfe800_t200_s400_cfgtar6.0,4.158931637980182,0.04985113222934739,0.3049823243729385,0.010982824699875942,0.22633641347309333,0.0163019944256143
DDIM Inv. + LoRA (Gen),200,200,800,100,6.0,115,audioldm2_ddimlora_attn_r8_a4_lr5e-5_checkpoint_step_4000_hparam_nfe800_t200_s200_cfgtar6.0,5.797534809833235,0.05981974594102491,0.34073272723901254,0.010523196378297878,0.33736590231242386,0.013746008094843085
DDIM Inv. + LoRA (Gen),200,800,800,25,12.0,115,audioldm2_ddimlora_attn_r8_a4_lr5e-5_checkpoint_step_4000_hparam_nfe800_t200_s800_cfgtar12.0,3.9494818355281898,0.041879036278456634,0.2706210515325345,0.011384605490428053,0.19153032293138297,0.01671862998540664
DDIM Inv. + LoRA (Gen),200,400,800,50,12.0,115,audioldm2_ddimlora_attn_r8_a4_lr5e-5_checkpoint_step_4000_hparam_nfe800_t200_s400_cfgtar12.0,4.433031170279342,0.051315877506720634,0.3307752146875759,0.010442391442725778,0.26466848377300345,0.015927712658380656
DDIM Inv. + LoRA (Gen),200,200,800,100,12.0,115,audioldm2_ddimlora_attn_r8_a4_lr5e-5_checkpoint_step_4000_hparam_nfe800_t200_s200_cfgtar12.0,6.078024328026466,0.05314765805385834,0.34691397889631015,0.010601868592244624,0.33723752964287995,0.013414824694794495
DDIM Inv. + LoRA (Real),200,800,800,25,6.0,115,audioldm2_ddimlora_aldm2realfn_r8_a4_lr5e-5_checkpoint_step_3000_hparam_nfe800_t200_s800_cfgtar6.0,3.8797152667114703,0.04075804271069591,0.25763296853754797,0.011523016034412435,0.17881350983136698,0.01690473897719001
DDIM Inv. + LoRA (Real),200,400,800,50,6.0,115,audioldm2_ddimlora_aldm2realfn_r8_a4_lr5e-5_checkpoint_step_3000_hparam_nfe800_t200_s400_cfgtar6.0,4.159315258602671,0.04984825926285594,0.30501093716833033,0.010985668885161413,0.22639176488206114,0.016309529943782004
DDIM Inv. + LoRA (Real),200,200,800,100,6.0,115,audioldm2_ddimlora_aldm2realfn_r8_a4_lr5e-5_checkpoint_step_3000_hparam_nfe800_t200_s200_cfgtar6.0,5.802462390925327,0.059781180604013044,0.33914561185954956,0.010604453387660412,0.3367900796841992,0.013786290875121992
DDIM Inv. + LoRA (Real),200,800,800,25,12.0,115,audioldm2_ddimlora_aldm2realfn_r8_a4_lr5e-5_checkpoint_step_3000_hparam_nfe800_t200_s800_cfgtar12.0,3.9505006986473905,0.04190826738838444,0.2705856548850549,0.011381812958464167,0.1915896837802037,0.016715822593588926
DDIM Inv. + LoRA (Real),200,400,800,50,12.0,115,audioldm2_ddimlora_aldm2realfn_r8_a4_lr5e-5_checkpoint_step_3000_hparam_nfe800_t200_s400_cfgtar12.0,4.433686132085496,0.05129796775586987,0.3306072751249864,0.010432924100946737,0.26466023246555226,0.015911162206408147
DDIM Inv. + LoRA (Real),200,200,800,100,12.0,115,audioldm2_ddimlora_aldm2realfn_r8_a4_lr5e-5_checkpoint_step_3000_hparam_nfe800_t200_s200_cfgtar12.0,6.082256286267661,0.05315850486974828,0.3458772118135083,0.010687480519829673,0.33741369969009055,0.01327476559875268
DDPM Inv.,80,320,800,25,6.0,115,audioldm2_ddpm_nolora_hparam_nfe800_t80_s320_cfgtar6.0,3.9173761669794716,0.04089781022141626,0.26467255299529113,0.011239977028195533,0.18664204291189496,0.01675254324723182
DDPM Inv.,133,267,800,50,6.0,115,audioldm2_ddpm_nolora_hparam_nfe800_t133_s267_cfgtar6.0,4.107977413775758,0.04822709501220151,0.2983884374702862,0.010899179770150178,0.22078127445572096,0.016502589656988302
DDPM Inv.,200,200,800,100,6.0,115,audioldm2_ddpm_nolora_hparam_nfe800_t200_s200_cfgtar6.0,5.487031057132698,0.0755470843075975,0.33888316762774373,0.010886484449842132,0.3178369964675411,0.014130794058420682
DDPM Inv.,80,320,800,25,12.0,115,audioldm2_ddpm_nolora_hparam_nfe800_t80_s320_cfgtar12.0,4.071370915769297,0.04220629155655433,0.2817277470248795,0.011090929206710324,0.20719141330539614,0.016453834174900938
DDPM Inv.,133,267,800,50,12.0,115,audioldm2_ddpm_nolora_hparam_nfe800_t133_s267_cfgtar12.0,4.466860437072335,0.05022744177150758,0.3277539555070533,0.010143925056290847,0.26512740850043687,0.015458680810562172
DDPM Inv.,200,200,800,100,12.0,115,audioldm2_ddpm_nolora_hparam_nfe800_t200_s200_cfgtar12.0,5.8983851109380305,0.06127619406254779,0.3544049508639806,0.010280901095886023,0.3406470005279002,0.013893639270311736
SDEdit,400,800,800,50,6.0,115,audioldm2_sdedit_nolora_hparam_nfe800_t400_s800_cfgtar6.0,5.021277635260399,0.046037781369036024,0.30624567788827,0.010083635092489811,0.23143287356942893,0.015231392900432517
SDEdit,400,400,800,100,6.0,115,audioldm2_sdedit_nolora_hparam_nfe800_t400_s400_cfgtar6.0,6.455857582457565,0.04538368501167538,0.3796456159284149,0.008892039383531369,0.3348709801616876,0.010623063679324621
SDEdit,400,800,800,50,12.0,115,audioldm2_sdedit_nolora_hparam_nfe800_t400_s800_cfgtar12.0,5.146429147883231,0.0466807518888467,0.3326698951551972,0.009558548424976571,0.2666018635601453,0.014760048463508268
SDEdit,400,400,800,100,12.0,115,audioldm2_sdedit_nolora_hparam_nfe800_t400_s400_cfgtar12.0,6.519344618868384,0.04331554973623911,0.38844570614089013,0.007968750857660396,0.3683533496830774,0.010974972960347133
