mode,tstart,cfg_tar,n,lpaps,lpaps_sem,psnr,ssim,clap,clap_sem,muq,muq_sem,clap_dir,muq_dir,run
ddim,50,3.0,115,3.8833826294695615,0.04136776624822232,19.29409664358827,0.6924255697738976,0.25552238984449954,0.011412379599997045,0.1740914182049101,0.01686228311804562,0.026127747529307778,0.11965661167126634,audioldm2_ddim_hparam_cfgsrc3.0_cfgtar3.0_t50_s200
ddim,50,6.0,115,3.903432833388232,0.04183319423073432,19.270039743227468,0.6873221506120382,0.26511931213448076,0.011403030242261636,0.18503302719403544,0.016768848200359135,0.03937116758088053,0.13979863181872212,audioldm2_ddim_hparam_cfgsrc3.0_cfgtar6.0_t50_s200
ddim,50,12.0,115,4.014801145286047,0.04348605115929625,19.184096138604954,0.6716900648400556,0.28159240572063504,0.011307146675327322,0.20338088373208177,0.016586110691738435,0.06278374548596531,0.17778067377841342,audioldm2_ddim_hparam_cfgsrc3.0_cfgtar12.0_t50_s200
ddim,50,18.0,115,4.1424738349677614,0.04445735590423189,19.07257233250852,0.6527474599223935,0.29181448016400546,0.011138045685299696,0.21718094688485903,0.016386591586795663,0.07919998719640399,0.20926883674996055,audioldm2_ddim_hparam_cfgsrc3.0_cfgtar18.0_t50_s200
ddim,100,3.0,115,4.263304635219693,0.05189579790889823,19.163124025403683,0.667344969618244,0.29771031100707857,0.010765610747420228,0.21153891708944803,0.015868872756242505,0.11980556673977683,0.24905961924435005,audioldm2_ddim_hparam_cfgsrc3.0_cfgtar3.0_t100_s200
ddim,100,6.0,115,4.466590902889244,0.05498298368152162,18.96795051113552,0.6365654380980059,0.3367494292964476,0.009941834903361648,0.2714200944437281,0.01641425972859896,0.17105843256349149,0.3128330453177509,audioldm2_ddim_hparam_cfgsrc3.0_cfgtar6.0_t100_s200
ddim,100,12.0,115,4.83362410645554,0.055997522320469284,18.525421481193675,0.5783599884099664,0.3665700107223622,0.009530033230021944,0.309718687929537,0.01450212561745627,0.20753800007717116,0.360108673726411,audioldm2_ddim_hparam_cfgsrc3.0_cfgtar12.0_t100_s200
ddim,100,18.0,115,5.079887618416338,0.0548391533237475,18.106630222559453,0.5310271610376827,0.3710282227891742,0.009486014605152842,0.32880348177302793,0.013052098470381092,0.2231745230074486,0.37869859804277833,audioldm2_ddim_hparam_cfgsrc3.0_cfgtar18.0_t100_s200
ddim,150,3.0,115,5.1890958376404654,0.06962739329721365,18.36057985556336,0.5538605016733119,0.28790207784048294,0.013243630144942285,0.2495780817091303,0.013679887331509764,0.20642013026644354,0.35044690339785556,audioldm2_ddim_hparam_cfgsrc3.0_cfgtar3.0_t150_s200
ddim,150,6.0,115,5.38137319185719,0.0641315296795811,17.771119459761216,0.5031139146210882,0.3570980215520746,0.010042168185779961,0.3333786952430787,0.012978621578306973,0.25686273821427125,0.40862207874331785,audioldm2_ddim_hparam_cfgsrc3.0_cfgtar6.0_t150_s200
ddim,150,12.0,115,5.736152681534334,0.05467246992992139,16.66935775959906,0.4183715996618099,0.3675359426945926,0.009811701200719529,0.3615516066308255,0.012580592185853851,0.2653529268729946,0.4189195002550664,audioldm2_ddim_hparam_cfgsrc3.0_cfgtar12.0_t150_s200
ddim,150,18.0,115,5.923949539508385,0.051119214177270104,15.93270509171485,0.36723055225527257,0.36952447728895993,0.009945103919706056,0.36844983688839106,0.012579501203450494,0.261022622000588,0.40927770915238754,audioldm2_ddim_hparam_cfgsrc3.0_cfgtar18.0_t150_s200
ddim,200,3.0,115,5.644426415149223,0.07377638210490084,17.135145203335075,0.4743146975679338,0.270827125027394,0.013332260563764818,0.26653432871174554,0.014897088433623279,0.22488976128237403,0.3701604718018485,audioldm2_ddim_hparam_cfgsrc3.0_cfgtar3.0_t200_s200
ddim,200,6.0,115,5.778471724241664,0.0600308486362642,16.204340970792416,0.43016620439092784,0.34494620940538107,0.010354397740904672,0.33939140026417114,0.01392910473179561,0.2638996192942495,0.4130411853932816,audioldm2_ddim_hparam_cfgsrc3.0_cfgtar6.0_t200_s200
ddim,200,12.0,115,6.071266871643857,0.05298985536937807,14.766541504066428,0.3451914470536824,0.34533133247416026,0.010637965459107593,0.33882013766661934,0.013233717869762357,0.2580347749688055,0.38748882328686507,audioldm2_ddim_hparam_cfgsrc3.0_cfgtar12.0_t200_s200
ddim,200,18.0,115,6.228254663801095,0.04953590876785824,14.069617917397705,0.30187330601426715,0.3511019252897018,0.010550527957419412,0.34386514428517095,0.012899617720956684,0.2536362403922755,0.3804651555321787,audioldm2_ddim_hparam_cfgsrc3.0_cfgtar18.0_t200_s200
ddpm,50,3.0,115,3.8899801626067236,0.0404248276238205,19.279588548066673,0.6894699249683124,0.2541220809370433,0.011394833459981853,0.175022640382952,0.01692642334331885,0.024988909029280353,0.11645307723513763,audioldm2_ddpm_hparam_cfgsrc3.0_cfgtar3.0_t50_s200
ddpm,50,6.0,115,3.921603268283741,0.04102416101146472,19.235996321102665,0.6823275990262884,0.26482341614785154,0.011310575653730896,0.18760583804231948,0.016796367048576257,0.03949730122542898,0.14137953147292137,audioldm2_ddpm_hparam_cfgsrc3.0_cfgtar6.0_t50_s200
ddpm,50,12.0,115,4.083708890377858,0.04210702145317881,19.078148527840337,0.6567745753508515,0.28206415714572647,0.0112911851668457,0.20788031557736839,0.016470168547621136,0.06455389791289746,0.18836245988698108,audioldm2_ddpm_hparam_cfgsrc3.0_cfgtar12.0_t50_s200
ddpm,50,18.0,115,4.277329434346461,0.043163102123654436,18.86838839278411,0.6260093207755218,0.29339819198200484,0.011132007301074984,0.2235186362861777,0.01607475179827129,0.08557660535949725,0.22318579706808794,audioldm2_ddpm_hparam_cfgsrc3.0_cfgtar18.0_t50_s200
ddpm,100,3.0,115,4.097622191841805,0.05001996303453367,19.208514380447955,0.6736256799266169,0.28534662655629917,0.01079719368817464,0.2034402902804963,0.01646922082049286,0.08923069458940754,0.19774330102069224,audioldm2_ddpm_hparam_cfgsrc3.0_cfgtar3.0_t100_s200
ddpm,100,6.0,115,4.338287440032445,0.05505685729680763,18.93547797647427,0.640984533189843,0.327711642942937,0.00995501073359529,0.2540148833928549,0.015556936678509863,0.14448598407654334,0.27277302246378815,audioldm2_ddpm_hparam_cfgsrc3.0_cfgtar6.0_t100_s200
ddpm,100,12.0,115,4.846806754784554,0.0574540561719611,18.273681836454852,0.5666693046175428,0.3673085383701622,0.009202281417765738,0.31413173797013966,0.01358216968020887,0.20565974856929287,0.35077736335604087,audioldm2_ddpm_hparam_cfgsrc3.0_cfgtar12.0_t100_s200
ddpm,100,18.0,115,5.18061779610612,0.05464193402690645,17.692809476004285,0.5091584532605405,0.37429122146120675,0.008900941320330874,0.3321875197084054,0.012099996744503032,0.22290513820379323,0.3724312770139912,audioldm2_ddpm_hparam_cfgsrc3.0_cfgtar18.0_t100_s200
ddpm,150,3.0,115,4.611316896980593,0.0691300507526563,18.72541314078544,0.6111993816429195,0.31679456502823916,0.010600627784003317,0.2520328870103897,0.015170922191708023,0.16806398965013417,0.2956950034217342,audioldm2_ddpm_hparam_cfgsrc3.0_cfgtar3.0_t150_s200
ddpm,150,6.0,115,4.975217827096984,0.06967559443094627,17.937309549010998,0.5561522211333303,0.3637125933502741,0.00905889150420052,0.3213878685284568,0.014008651353727492,0.2272110914406569,0.3720675477191158,audioldm2_ddpm_hparam_cfgsrc3.0_cfgtar6.0_t150_s200
ddpm,150,12.0,115,5.528613117871571,0.058141463384188206,16.65361659683048,0.45536630413222906,0.38085499598488487,0.008569690166576509,0.3564935609374357,0.012517945545897436,0.25712230447679757,0.40023895730466946,audioldm2_ddpm_hparam_cfgsrc3.0_cfgtar12.0_t150_s200
ddpm,150,18.0,115,5.816343521973114,0.049864292543218426,15.867528341005206,0.3947542757176358,0.376874572308522,0.008397102140205396,0.3588333680739869,0.012709728461370574,0.2535604871971452,0.39560580773522025,audioldm2_ddpm_hparam_cfgsrc3.0_cfgtar18.0_t150_s200
ddpm,200,3.0,115,5.23694945096476,0.08529402451087048,16.46136674008496,0.5163305835713914,0.29817474842703984,0.011925032229501229,0.2581760429888559,0.015739777053797113,0.18821181970769946,0.32833018706220646,audioldm2_ddpm_hparam_cfgsrc3.0_cfgtar3.0_t200_s200
ddpm,200,6.0,115,5.487031062987033,0.07554704762113736,15.410617551616728,0.46069033500137857,0.338883055523732,0.010886488537413105,0.31783652037544097,0.014130455662162754,0.23279726452234648,0.37462391262145145,audioldm2_ddpm_hparam_cfgsrc3.0_cfgtar6.0_t200_s200
ddpm,200,12.0,115,5.898384681695735,0.061276178441122896,14.421773221555329,0.37623314808533515,0.35440487026335293,0.010280911152963692,0.3406460480035647,0.013893821200545234,0.2466387300549642,0.37799169001695904,audioldm2_ddpm_hparam_cfgsrc3.0_cfgtar12.0_t200_s200
ddpm,200,18.0,115,6.14747456705595,0.05511699719998206,13.902600171799907,0.3222651885610089,0.3530000286863241,0.010691625091689638,0.3371351654317392,0.012841835171129665,0.24140460137277842,0.3712094970776335,audioldm2_ddpm_hparam_cfgsrc3.0_cfgtar18.0_t200_s200
sdedit,50,3.0,115,4.4597016405516285,0.03926385982207272,18.89961556234353,0.5872503999642447,0.25698090018075936,0.011500694990048695,0.17970714173482163,0.016456543575450663,0.018783843877684805,0.12274494897574183,audioldm2_sdedit_hparam_cfgtar3.0_t50_s200
sdedit,50,6.0,115,4.476213075759247,0.039416708065257204,18.875007380026883,0.5840367010550945,0.2665921254426734,0.01134929028629652,0.18917565895649402,0.016241364064067714,0.03264121107514136,0.14130641756903217,audioldm2_sdedit_hparam_cfgtar6.0_t50_s200
sdedit,50,12.0,115,4.5451021798747915,0.039878139349818154,18.801325693197676,0.5738508532700525,0.28179509486285786,0.011142364387490035,0.20462512438863759,0.01592915302884639,0.057234211553536016,0.17791341769954433,audioldm2_sdedit_hparam_cfgtar12.0_t50_s200
sdedit,50,18.0,115,4.629582303335455,0.0405324472356721,18.708000207521923,0.5610148095980745,0.29329610979481446,0.010964746042608489,0.21864014415920752,0.01569564868847697,0.07776583029848075,0.2086853340268135,audioldm2_sdedit_hparam_cfgtar18.0_t50_s200
sdedit,100,3.0,115,5.404455691583408,0.04646072667124707,18.265422941396714,0.4567539892997359,0.30546215308749164,0.010115640672322297,0.21519975910449157,0.01430622473670111,0.11434446691899841,0.22512939068610255,audioldm2_sdedit_hparam_cfgtar3.0_t100_s200
sdedit,100,6.0,115,5.464377348176194,0.04669310131664078,18.132406552324635,0.4453500127004615,0.33686891303175975,0.00946369334154266,0.2608212518060337,0.014306508678280028,0.15565655108784204,0.27104021742454043,audioldm2_sdedit_hparam_cfgtar6.0_t100_s200
sdedit,100,12.0,115,5.592227133450796,0.047203591229629305,17.819951150412887,0.4188591114108441,0.3644589350295424,0.009046890627868068,0.3064561345493016,0.012757556390379298,0.19860618873296873,0.3283830033777201,audioldm2_sdedit_hparam_cfgtar12.0_t100_s200
sdedit,100,18.0,115,5.700959904475241,0.0464229427604781,17.500636867284168,0.3941811691705345,0.37753198435526203,0.008953586335747889,0.3265445597388822,0.0120029454987425,0.2237301227434174,0.35934395176237044,audioldm2_sdedit_hparam_cfgtar18.0_t100_s200
sdedit,150,3.0,115,6.334856274823965,0.04840823628767529,17.050969835445954,0.2782691750638134,0.32851998366137836,0.010399130972866624,0.24515516172649096,0.012341177895907926,0.19893857739541843,0.30004189050068025,audioldm2_sdedit_hparam_cfgtar3.0_t150_s200
sdedit,150,6.0,115,6.349790454443938,0.046095264321597676,16.52906478750649,0.25988986757363736,0.3815478972969557,0.008815521849786675,0.3232867656842522,0.010928168141378132,0.24619208017931035,0.35761922445634137,audioldm2_sdedit_hparam_cfgtar6.0_t150_s200
sdedit,150,12.0,115,6.4271408636081295,0.04449511971069684,15.612629525738933,0.22616658013641805,0.39207388209753646,0.0080217372121182,0.3611311641076337,0.010758342121790453,0.26363908903187383,0.3845237948000431,audioldm2_sdedit_hparam_cfgtar12.0_t150_s200
sdedit,150,18.0,115,6.48974392931407,0.043622138127477166,14.999343941422692,0.2046719748880472,0.3885935892237208,0.00803040878319144,0.3707664356931396,0.011087612822416043,0.2646814667498288,0.3915282059946786,audioldm2_sdedit_hparam_cfgtar18.0_t150_s200
sdedit,200,3.0,115,6.736943665291212,0.04125591854860658,15.494522153986228,0.19232750320419728,0.32471539108333314,0.011304444953398728,0.2519616976218379,0.013362975361999577,0.22299548578651052,0.31420376096730646,audioldm2_sdedit_hparam_cfgtar3.0_t200_s200
sdedit,200,6.0,115,6.730190785755529,0.03975329148356076,14.613850591966832,0.16880863301791274,0.35952819819914994,0.009340275979027054,0.31562593506406184,0.013148846760100443,0.2550751216223706,0.3566066013244183,audioldm2_sdedit_hparam_cfgtar6.0_t200_s200
sdedit,200,12.0,115,6.7691649968382235,0.04179096492402145,13.56133063984892,0.1424634427466362,0.36694804341804177,0.009572375562711594,0.33340982409275094,0.013841724250072044,0.269108004025791,0.3691337427367335,audioldm2_sdedit_hparam_cfgtar12.0_t200_s200
sdedit,200,18.0,115,6.788596260977086,0.04191198881769129,13.067579626337173,0.1308277167043946,0.36765553422626995,0.009906253266753994,0.3391373409687177,0.013517077305446072,0.26324203571547633,0.3662576921446168,audioldm2_sdedit_hparam_cfgtar18.0_t200_s200
