arm,cfg_tar,tstart,lpaps,lpaps_sem,clap,clap_sem,muq,muq_sem
"no LoRA, src=1.0",3.5,25,2.9133534663829255,0.03957462408353304,0.24477734333174164,0.011465381884574629,0.17417035473753575,0.017502782836132352
"no LoRA, src=1.0",3.5,50,4.499812714949898,0.060398511151780125,0.3086823837594061,0.00909119005983503,0.23332974859817035,0.015826224736561617
"no LoRA, src=1.0",3.5,75,5.342183143125063,0.0662466019345726,0.31548399277301364,0.008328347086088267,0.273792270793701,0.013207715650829297
"no LoRA, src=1.0",3.5,99,5.431373457666758,0.0681932711684075,0.309505372148385,0.008155975268192835,0.2729444260587511,0.01279999002364777
"no LoRA, src=1.0",7.0,25,2.994643323836119,0.04122450377400046,0.2532152803980516,0.011399585789082501,0.18012197132262847,0.0174083760795792
"no LoRA, src=1.0",7.0,50,4.925393361976181,0.057235353942829144,0.3323270387244343,0.008378473944741118,0.27034684445749485,0.015180649711437304
"no LoRA, src=1.0",7.0,75,5.665832398317862,0.06206000288998225,0.33324483531857907,0.008020261968565538,0.3044712618479262,0.012333746963365545
"no LoRA, src=1.0",7.0,99,5.7177240950819375,0.0629485838945862,0.3233910210325342,0.008353335067739344,0.3055074088923309,0.012264088734634578
"w=1 adapter, src=1.0",3.5,25,2.87528484845507,0.03891192841102755,0.24380322438489263,0.01153978243328662,0.1738894804097388,0.01752126390604731
"w=1 adapter, src=1.0",3.5,50,4.437066835942476,0.059276914100650696,0.308186971510531,0.009342995805005184,0.23295281589785388,0.01582890709017984
"w=1 adapter, src=1.0",3.5,75,5.263190835109655,0.06654965340920047,0.3202902033209692,0.008406213818861454,0.26933506644614363,0.013415460138195695
"w=1 adapter, src=1.0",3.5,99,5.353488860372185,0.06827241760153968,0.3143525924047698,0.008059137485250034,0.27016307757003233,0.012978972185725652
"no LoRA, src=3.5",3.5,25,2.9570253138611275,0.039416962547750185,0.24223307076612136,0.01116709182482153,0.17425960903258428,0.017605878222069528
"no LoRA, src=3.5",3.5,50,5.187366257335829,0.06586933493454292,0.21965996918916378,0.012046324428645302,0.19288554683165707,0.013199705927021398
"no LoRA, src=3.5",3.5,75,5.973935190491054,0.06862841631043153,0.15957985082310558,0.014817555167531133,0.17608916695918078,0.014834618481113254
"no LoRA, src=3.5",3.5,99,6.078125887539074,0.06287485500123781,0.1411141286658096,0.014437911668358162,0.15865433984537325,0.013909277625717706
"no LoRA, src=3.5",7.0,25,3.004300138276557,0.040679456084299355,0.2533574359777613,0.011236436357740619,0.18098466179698058,0.01746366374219446
"no LoRA, src=3.5",7.0,50,5.19823385598003,0.05734863183908417,0.3004787916098923,0.009388364622141354,0.2632540835108122,0.01455155336918628
"no LoRA, src=3.5",7.0,75,5.864097260323124,0.062254258138765534,0.2952817286658978,0.010449455145585386,0.2819418478068774,0.012988176888557473
"no LoRA, src=3.5",7.0,99,5.907236493704976,0.06092459810628467,0.292255434649524,0.009647829068575364,0.278193616097712,0.013321713062797464
"CFG adapter, src=3.5",3.5,25,2.9103927161555356,0.03828985196439198,0.2425707375483614,0.011297517822739422,0.1749130664960198,0.01761905461125232
"CFG adapter, src=3.5",3.5,50,5.216339947140735,0.0631600102022051,0.21051424869241703,0.011519167872758944,0.1737651068535026,0.01303954379459776
"CFG adapter, src=3.5",3.5,75,6.038928235441015,0.06725751154270587,0.1294255649525861,0.014998225385397712,0.15351054107608356,0.014139819547395058
"CFG adapter, src=3.5",3.5,99,6.110742925837418,0.06627982039940246,0.11890202180401462,0.015053803680964527,0.14249339670489503,0.014175734132262507
"CFG adapter, src=3.5",7.0,25,2.9713868316878442,0.039673918056340865,0.25300395605761716,0.011317252304923605,0.18034192713726635,0.017466804751641665
"CFG adapter, src=3.5",7.0,50,5.209850352397864,0.057855540645467496,0.2888764412558057,0.009903682073084225,0.2542381454542603,0.013757229786606123
"CFG adapter, src=3.5",7.0,75,5.848852684947028,0.06494516329956881,0.28448864362499526,0.011133314228227264,0.27161550098301274,0.013846975842891648
"CFG adapter, src=3.5",7.0,99,5.8579477155726885,0.0638617801308658,0.2918815274355745,0.01009152788538213,0.2701197008075921,0.013383446849170913
"pair-run cond adapter, src=1.0 (nu unused)",3.5,25,2.8754381924262944,0.03889578380142397,0.2435544495142834,0.011547697286516542,0.17358421033005353,0.017505094514035605
"pair-run cond adapter, src=1.0 (nu unused)",3.5,50,4.432726246826891,0.058813155885610285,0.30893890403103136,0.009313271040452965,0.22992789021733662,0.015940638172419263
"pair-run cond adapter, src=1.0 (nu unused)",3.5,75,5.257340163355288,0.06652574725012483,0.32102626549457947,0.008260153224697147,0.2702822676586473,0.013549341293764484
"pair-run cond adapter, src=1.0 (nu unused)",3.5,99,5.3517832412581505,0.068040361927362,0.3147407830684729,0.00801258279010214,0.2717738584736767,0.012926463574196577
"pair-run cond adapter, src=1.0 (nu unused)",7.0,25,2.9655726197491523,0.040632051602187975,0.25102669820918333,0.011492515280376706,0.17931896224617958,0.017435962720198192
"pair-run cond adapter, src=1.0 (nu unused)",7.0,50,4.863627979133439,0.056176566279651875,0.336575319542401,0.008368725040130759,0.2697484095580876,0.015091213200078231
"pair-run cond adapter, src=1.0 (nu unused)",7.0,75,5.5989173948246505,0.0620264064553965,0.3350817786456774,0.008062710377032692,0.3026351881092009,0.012642872737643194
"pair-run cond adapter, src=1.0 (nu unused)",7.0,99,5.661984715081644,0.0628428366890261,0.32719839377112797,0.008427240320349014,0.3052205969458041,0.012336814801477802
"pair-branch BOTH adapters, src=3.5",3.5,25,2.8920621641304187,0.03845860121779369,0.24180654693826817,0.011414460232200238,0.175057972052499,0.017614806636202157
"pair-branch BOTH adapters, src=3.5",3.5,50,5.052894842762877,0.06402799034701612,0.2280726977113796,0.011599611382093415,0.1905026541698886,0.01316029480518246
"pair-branch BOTH adapters, src=3.5",3.5,75,5.951764102742292,0.07020409810551553,0.15723172783149755,0.014604781522504334,0.16868563104704346,0.014140085036085687
"pair-branch BOTH adapters, src=3.5",3.5,99,6.030616167801013,0.06872557961052456,0.14709981466252084,0.01462885922226002,0.16516545791604112,0.0139617437333139
"pair-branch BOTH adapters, src=3.5",7.0,25,2.9602820650736494,0.04011176690526543,0.252842512263552,0.011464265346298028,0.17941330483578063,0.017438608247914194
"pair-branch BOTH adapters, src=3.5",7.0,50,5.100414183243462,0.057900228469148746,0.30654172234102217,0.00915909408073466,0.2653195134849976,0.014254388905243675
"pair-branch BOTH adapters, src=3.5",7.0,75,5.822807126114334,0.0630709984755292,0.28938397032478685,0.011422745115068446,0.2763140072155258,0.01302950729493349
"pair-branch BOTH adapters, src=3.5",7.0,99,5.828845871427785,0.06297509999954669,0.29675967423704214,0.010101858231816615,0.2741177575743717,0.013152147555818656
