arm,tstart,steps,nfe,depth,n,cfg_tar,run,lpaps,lpaps_sem,clap,clap_sem,muq,muq_sem,clap_dir,clap_dir_sem,mulan_dir,mulan_dir_sem
DDPM-inv,10,40,100,25,696,3.5,stableaudio_ddpm_nolora_full_nfe100_t10_s40_cfgtar3.5,2.8648904530995196,0.015185593516408491,0.23128010951784536,0.004622545274323656,0.16008038429079052,0.007097575756006717,0.06638878446618286,0.003993466363357746,0.11203321714848066,0.005433152655959364
DDPM-inv,12,38,100,32,696,3.5,stableaudio_ddpm_nolora_full_nfe100_t12_s38_cfgtar3.5,2.909841299830611,0.015534160879453108,0.23764670024951787,0.004601210595390358,0.16523337585436068,0.007109974239783407,0.08125377687774114,0.004077999880486297,0.12581352058707082,0.005474564933139711
DDPM-inv,17,33,100,52,696,3.5,stableaudio_ddpm_nolora_full_nfe100_t17_s33_cfgtar3.5,3.5706415361628445,0.025680175406969374,0.28358334785996814,0.004019398460006619,0.20058344540871337,0.006756316205182601,0.16171516672622455,0.00496039159615985,0.19322042196357472,0.006238532958978667
DDPM-inv,21,29,100,72,696,3.5,stableaudio_ddpm_nolora_full_nfe100_t21_s29_cfgtar3.5,4.179313777312921,0.03283760536977114,0.30308907771033905,0.003654608886204365,0.21518672543949843,0.006322386149032229,0.19216773652567945,0.005562283338349446,0.23090430835781126,0.006674155652078792
DDPM-inv,25,25,100,100,696,3.5,stableaudio_ddpm_nolora_full_nfe100_t25_s25_cfgtar3.5,4.225033111504897,0.03255879897750338,0.2991295218875946,0.003628629581171491,0.21736996819451854,0.0063785152964422115,0.19059762165175173,0.005580405958599501,0.23583927981812378,0.006649288555214188
DDPM-inv,10,40,100,25,696,7.0,stableaudio_ddpm_nolora_full_nfe100_t10_s40_cfgtar7.0,2.903550048577831,0.015194381704716715,0.23803250398245987,0.0046082912482442884,0.16454416116309517,0.007104124612149217,0.07818552090427783,0.004111895792809825,0.12575852822300967,0.0055595180543684545
DDPM-inv,12,38,100,32,696,7.0,stableaudio_ddpm_nolora_full_nfe100_t12_s38_cfgtar7.0,3.0357480727221775,0.016593487608484243,0.25210943055592056,0.004514346188292788,0.17617017299909649,0.007070337506043344,0.106371449597311,0.004408915871370038,0.1534632857963871,0.0059854945150116
DDPM-inv,17,33,100,52,696,7.0,stableaudio_ddpm_nolora_full_nfe100_t17_s33_cfgtar7.0,4.262171271731685,0.029723975003708335,0.3176715737111265,0.0036170945662727825,0.2311735988018202,0.0063312726815136465,0.21212427107210474,0.0057006167616517976,0.2556571417117502,0.006895171642899446
DDPM-inv,21,29,100,72,696,7.0,stableaudio_ddpm_nolora_full_nfe100_t21_s29_cfgtar7.0,4.7897657870275765,0.031166496897614197,0.3257658601209737,0.003412964418387047,0.24208870087403184,0.006032159293697749,0.22607510014010282,0.0059894448108511605,0.27983598160188133,0.007039361968818348
DDPM-inv,25,25,100,100,696,7.0,stableaudio_ddpm_nolora_full_nfe100_t25_s25_cfgtar7.0,4.8049822933657875,0.03158704691043772,0.3213305996559757,0.003443775974847419,0.24142549825288975,0.0060410897857506515,0.22349082399962533,0.0060096383872588486,0.28211184788693344,0.006880664659225273
DDPM-inv,10,40,100,25,696,10.5,stableaudio_ddpm_nolora_full_nfe100_t10_s40_cfgtar10.5,2.9599120297565547,0.01537701403285005,0.24522980617295048,0.004575737601213901,0.16923892288702946,0.007108094868648605,0.09139705519325729,0.004253415855940558,0.13980009001425478,0.005749906338954924
DDPM-inv,12,38,100,32,696,10.5,stableaudio_ddpm_nolora_full_nfe100_t12_s38_cfgtar10.5,3.184831856002753,0.017624257182279095,0.2662768238132652,0.004440711925398858,0.18764257175476898,0.007031939995291075,0.1293449949602939,0.004801964447999939,0.1799936774762176,0.0065107615812928545
DDPM-inv,17,33,100,52,696,10.5,stableaudio_ddpm_nolora_full_nfe100_t17_s33_cfgtar10.5,4.708986035760107,0.028928530293849154,0.3336863739165108,0.003435555242132682,0.25462661435031103,0.006100227993023412,0.2381257698790909,0.005950050242904378,0.296481068213952,0.006913477823488959
DDPM-inv,21,29,100,72,696,10.5,stableaudio_ddpm_nolora_full_nfe100_t21_s29_cfgtar10.5,5.125743264262475,0.028882233582821697,0.33150920158385255,0.0033344122818603546,0.2549144177036574,0.005845977602221431,0.24203200853796375,0.006067473702911565,0.30490823275136664,0.0070466070354608225
DDPM-inv,25,25,100,100,696,10.5,stableaudio_ddpm_nolora_full_nfe100_t25_s25_cfgtar10.5,5.157625146204484,0.028571242573191786,0.328456198844155,0.0033127791232941584,0.2536309809270435,0.005899279123858095,0.23843557603360185,0.006264145553793105,0.30533733262530605,0.0070986995462579295
DDPM-inv,10,40,100,25,696,14.0,stableaudio_ddpm_nolora_full_nfe100_t10_s40_cfgtar14.0,3.0264075739744523,0.015688352598036626,0.25182553630144244,0.004560295732202358,0.1743570531557191,0.00710416338061092,0.10366026385039646,0.004409195506475423,0.15455797788869033,0.005988471061059879
DDPM-inv,12,38,100,32,696,14.0,stableaudio_ddpm_nolora_full_nfe100_t12_s38_cfgtar14.0,3.3366993470895334,0.018733855782007227,0.27906111263428274,0.00437502410801651,0.19849937516453625,0.007007561699972033,0.14827417751343322,0.005135258222129383,0.20309969221024998,0.0069194770728473855
DDPM-inv,17,33,100,52,696,14.0,stableaudio_ddpm_nolora_full_nfe100_t17_s33_cfgtar14.0,5.015624985983774,0.02762800176850224,0.339954773058055,0.0033386387750264,0.26834151493760106,0.00574980515810906,0.25049045101817075,0.006025294442049784,0.3224497682762188,0.006990719467319806
DDPM-inv,21,29,100,72,696,14.0,stableaudio_ddpm_nolora_full_nfe100_t21_s29_cfgtar14.0,5.339126633176174,0.027221645814523923,0.3300128604785871,0.003419189151210127,0.26453533369630317,0.005832010451867968,0.24507324785347387,0.006148972267923682,0.31833918952923695,0.007068659888343808
DDPM-inv,25,25,100,100,696,14.0,stableaudio_ddpm_nolora_full_nfe100_t25_s25_cfgtar14.0,5.360604934434324,0.02734505235923592,0.32068512120292614,0.0034143803634485797,0.25362927107248806,0.00563947577943666,0.23855994760939295,0.006144004323842036,0.3118742352997852,0.007096998929392021
ODEInv (no LoRA),33,132,100,25,696,3.5,stableaudio_odeinv_nolora_full_nfe100_t33_s132_cfgtar3.5,2.9286038823054668,0.015873285571758284,0.23786130840381625,0.004562036742263979,0.1657776616763119,0.007147824116569447,0.0746797934855634,0.004111446538972141,0.10866011659201266,0.005501915202862875
ODEInv (no LoRA),33,99,100,33,696,3.5,stableaudio_odeinv_nolora_full_nfe100_t33_s99_cfgtar3.5,3.3828308886181118,0.019518180650360834,0.26364258498194715,0.00429865127474637,0.18396426826125364,0.006921639575412216,0.1291984170715421,0.004660410154511932,0.16838922514412927,0.006128516508827991
ODEInv (no LoRA),33,66,100,50,696,3.5,stableaudio_odeinv_nolora_full_nfe100_t33_s66_cfgtar3.5,4.620696843889368,0.024195507372727736,0.3121048849409667,0.0035704831717056186,0.24540788529543794,0.006275668521168659,0.2187509808265176,0.005458719663750397,0.2716467771337946,0.007028393039465028
ODEInv (no LoRA),33,44,100,75,696,3.5,stableaudio_odeinv_nolora_full_nfe100_t33_s44_cfgtar3.5,5.436671045251276,0.026787522009737146,0.3155132608832988,0.0033121297986444987,0.2776532943147079,0.005384379536000898,0.2548287297617751,0.005957625652041913,0.3180226369763607,0.007097401111527396
ODEInv (no LoRA),33,34,100,97,696,3.5,stableaudio_odeinv_nolora_full_nfe100_t33_s34_cfgtar3.5,5.548623150889672,0.02677699476471734,0.3024101963592559,0.0034269333057538724,0.2703265905314682,0.005397642302056567,0.2508174469741329,0.0058485443522034025,0.31510728944010025,0.0070279092089968595
ODEInv (no LoRA),33,132,100,25,696,7.0,stableaudio_odeinv_nolora_full_nfe100_t33_s132_cfgtar7.0,3.0127113594634323,0.0160864922507856,0.24629761348306772,0.004539984046599267,0.1713766842141253,0.007142145292491621,0.09130789800520299,0.004271684490646446,0.12978154810576367,0.005734761508025316
ODEInv (no LoRA),33,99,100,33,696,7.0,stableaudio_odeinv_nolora_full_nfe100_t33_s99_cfgtar7.0,3.601803423150289,0.01939295346911607,0.28208221664861416,0.004208771656603193,0.20016371223780502,0.006842024239715266,0.1564667436659561,0.00502073047634582,0.20201230567181483,0.006671909704707086
ODEInv (no LoRA),33,66,100,50,696,7.0,stableaudio_odeinv_nolora_full_nfe100_t33_s66_cfgtar7.0,5.029128660609896,0.022747136720325783,0.33681257221331706,0.0033078395056564814,0.28186392079621964,0.005862300824639163,0.2533390748190115,0.00584814623445092,0.3220793165704075,0.007249857739165416
ODEInv (no LoRA),33,44,100,75,696,7.0,stableaudio_odeinv_nolora_full_nfe100_t33_s44_cfgtar7.0,5.7592332766944425,0.024756456950194766,0.3248927565021895,0.0030850197055793506,0.3006018073056843,0.005209989243644702,0.26580568921923553,0.005995005918082194,0.3404660106967096,0.007245011943576544
ODEInv (no LoRA),33,34,100,97,696,7.0,stableaudio_odeinv_nolora_full_nfe100_t33_s34_cfgtar7.0,5.827730096613996,0.024313335666658605,0.3164847861510662,0.0032294397707836567,0.2963866058177711,0.005189417562526825,0.26292977683197966,0.005973896514223899,0.3387489786101291,0.007084155493509263
ODEInv (no LoRA),33,132,100,25,696,10.5,stableaudio_odeinv_nolora_full_nfe100_t33_s132_cfgtar10.5,3.1009021585100682,0.01630057556905922,0.2533834211590523,0.004493063303203899,0.17603099946168133,0.007114255041040596,0.10555682057613806,0.004443729783201901,0.14729990857926295,0.005948815923805809
ODEInv (no LoRA),33,99,100,33,696,10.5,stableaudio_odeinv_nolora_full_nfe100_t33_s99_cfgtar10.5,3.7759785669916437,0.01950335718183435,0.29471932404634,0.004145552104675548,0.21332134220223264,0.006779507065269512,0.1744976525085218,0.005284736909988815,0.22581049466195205,0.006992884088462032
ODEInv (no LoRA),33,66,100,50,696,10.5,stableaudio_odeinv_nolora_full_nfe100_t33_s66_cfgtar10.5,5.27422208914469,0.021635952290755232,0.3465517880490729,0.003252945568646257,0.3002220181073865,0.00557161872665342,0.265902442331747,0.006016777333467647,0.3428716644304858,0.007272535161234861
ODEInv (no LoRA),33,44,100,75,696,10.5,stableaudio_odeinv_nolora_full_nfe100_t33_s44_cfgtar10.5,5.925451673630097,0.023231674001149758,0.3253726007636963,0.0032299588562418107,0.3072814710494117,0.005174967809375789,0.26856422543307584,0.006017671984705424,0.34808964194828945,0.007224468052704385
ODEInv (no LoRA),33,34,100,97,696,10.5,stableaudio_odeinv_nolora_full_nfe100_t33_s34_cfgtar10.5,5.977851137889985,0.022921127508887487,0.31800868182598746,0.0033121315888926073,0.301474667706389,0.0051775279042380285,0.2661100555493646,0.006007915044171163,0.344337777622665,0.007146303788291786
ODEInv (no LoRA),33,132,100,25,696,14.0,stableaudio_odeinv_nolora_full_nfe100_t33_s132_cfgtar14.0,3.1864460981725733,0.016525614997688873,0.2607048399212067,0.0044458378985205846,0.18121918002943022,0.007084693935869819,0.11914127259769466,0.0045971596151190034,0.16276120342750466,0.006223267124348943
ODEInv (no LoRA),33,99,100,33,696,14.0,stableaudio_odeinv_nolora_full_nfe100_t33_s99_cfgtar14.0,3.9162693948695493,0.019596755174639803,0.3035657447022145,0.0040878700945839045,0.2236622685259449,0.006755323129739641,0.1879923524115577,0.005446359517690676,0.242881322610754,0.007105458101446618
ODEInv (no LoRA),33,66,100,50,696,14.0,stableaudio_odeinv_nolora_full_nfe100_t33_s66_cfgtar14.0,5.438087499375773,0.020901580039777896,0.3513924605413376,0.003228824544803138,0.30825738421552307,0.005478561246821577,0.27075517382713615,0.006049769654923683,0.3546045211266898,0.007314512596314467
ODEInv (no LoRA),33,44,100,75,696,14.0,stableaudio_odeinv_nolora_full_nfe100_t33_s44_cfgtar14.0,6.0355605793524525,0.021991525488244314,0.32648364346870484,0.0032005550170126525,0.30971753814835745,0.005153276449950052,0.2689483657341461,0.005953257804123026,0.3506924522245817,0.007190588421809316
ODEInv (no LoRA),33,34,100,97,696,14.0,stableaudio_odeinv_nolora_full_nfe100_t33_s34_cfgtar14.0,6.075013996871952,0.021815771089383245,0.31488392545852334,0.003292614706828156,0.29861422146930783,0.005226878823797141,0.26234019561617195,0.005974747216536417,0.34520090532612224,0.007169326373955598
ODEInv w/ LoRA bw,33,132,100,25,696,3.5,stableaudio_odeinvlora_saocos_r8_a4_lr5e-5_checkpoint_step_4000_full_nfe100_t33_s132_cfgtar3.5,2.89322691479862,0.01566539088854635,0.23652551379574413,0.004612143877808018,0.1645867211010572,0.007147401375437863,0.07345835948075251,0.004043975471921462,0.11262497840778388,0.0054218871667611485
ODEInv w/ LoRA bw,33,99,100,33,696,3.5,stableaudio_odeinvlora_saocos_r8_a4_lr5e-5_checkpoint_step_4000_full_nfe100_t33_s99_cfgtar3.5,3.344721345654849,0.019329528447218684,0.26129812430177807,0.004335721521205783,0.18287682182094667,0.0069507749271473275,0.12771891225289939,0.004606632160545489,0.16967324844237694,0.006018435193311784
ODEInv w/ LoRA bw,33,66,100,50,696,3.5,stableaudio_odeinvlora_saocos_r8_a4_lr5e-5_checkpoint_step_4000_full_nfe100_t33_s66_cfgtar3.5,4.5386585880627575,0.02403909962414619,0.312202500658352,0.003613261791279443,0.24523324409921937,0.006271571792530403,0.21796725759745694,0.005432080586396199,0.2700452478010416,0.00704418483541268
ODEInv w/ LoRA bw,33,44,100,75,696,3.5,stableaudio_odeinvlora_saocos_r8_a4_lr5e-5_checkpoint_step_4000_full_nfe100_t33_s44_cfgtar3.5,5.36016607544888,0.027058121464670005,0.31954664384731685,0.0032936217525052322,0.27726987839593475,0.005407265935617416,0.25644432650156446,0.005969283890881261,0.3174903313361708,0.007137589261392959
ODEInv w/ LoRA bw,33,34,100,97,696,3.5,stableaudio_odeinvlora_saocos_r8_a4_lr5e-5_checkpoint_step_4000_full_nfe100_t33_s34_cfgtar3.5,5.475847244388298,0.026977844636015044,0.30948398305295866,0.0033580448730466603,0.271996517491563,0.005344637031249459,0.2538084827119956,0.0058934888475844485,0.31625533875763073,0.0070713678647798565
ODEInv w/ LoRA bw,33,132,100,25,696,7.0,stableaudio_odeinvlora_saocos_r8_a4_lr5e-5_checkpoint_step_4000_full_nfe100_t33_s132_cfgtar7.0,2.9818835058117505,0.015966499542772013,0.2446443572021767,0.004590650731858245,0.16985361708526167,0.007133048688779417,0.09022880359900709,0.0042390768946982404,0.13217321453025918,0.005661841422599743
ODEInv w/ LoRA bw,33,99,100,33,696,7.0,stableaudio_odeinvlora_saocos_r8_a4_lr5e-5_checkpoint_step_4000_full_nfe100_t33_s99_cfgtar7.0,3.5755088814487865,0.01935843312341405,0.28029140211992815,0.00425195542940162,0.19820739436829757,0.006870808539756716,0.15515649905053622,0.005012820851299874,0.20272036330726254,0.006570818487031422
ODEInv w/ LoRA bw,33,66,100,50,696,7.0,stableaudio_odeinvlora_saocos_r8_a4_lr5e-5_checkpoint_step_4000_full_nfe100_t33_s66_cfgtar7.0,4.968597832453433,0.02288742874384329,0.3384369654844558,0.0033187188876077074,0.2803593774468487,0.005900947101566089,0.25318424245503185,0.0058626908793325515,0.32068082919055274,0.007195547265457923
ODEInv w/ LoRA bw,33,44,100,75,696,7.0,stableaudio_odeinvlora_saocos_r8_a4_lr5e-5_checkpoint_step_4000_full_nfe100_t33_s44_cfgtar7.0,5.702437663871895,0.024930922518335202,0.3294216564845318,0.0030642879883864315,0.3022634789457039,0.0052486698268217405,0.26873699370363524,0.006001882599310814,0.3409289403486697,0.0072528291569519876
ODEInv w/ LoRA bw,33,34,100,97,696,7.0,stableaudio_odeinvlora_saocos_r8_a4_lr5e-5_checkpoint_step_4000_full_nfe100_t33_s34_cfgtar7.0,5.7745954136795925,0.02485360068016103,0.3217534804317727,0.0031727715129181325,0.2971820350075355,0.005210565798873928,0.2661816049521072,0.006003242640102984,0.33946269714867633,0.0070765668648481465
ODEInv w/ LoRA bw,33,132,100,25,696,10.5,stableaudio_odeinvlora_saocos_r8_a4_lr5e-5_checkpoint_step_4000_full_nfe100_t33_s132_cfgtar10.5,3.0729911682877504,0.01622332913142335,0.25180567592182607,0.004543047091075527,0.17476306965436797,0.007111494689504023,0.10478358506024331,0.004432889502371467,0.1485008279312584,0.005888689978888913
ODEInv w/ LoRA bw,33,99,100,33,696,10.5,stableaudio_odeinvlora_saocos_r8_a4_lr5e-5_checkpoint_step_4000_full_nfe100_t33_s99_cfgtar10.5,3.75130600032336,0.0194838220231648,0.29297232698538545,0.0041880519452736804,0.21137529335803643,0.0068112117668401384,0.17299977589489615,0.0052781040667001415,0.22586700297830542,0.00690630708292021
ODEInv w/ LoRA bw,33,66,100,50,696,10.5,stableaudio_odeinvlora_saocos_r8_a4_lr5e-5_checkpoint_step_4000_full_nfe100_t33_s66_cfgtar10.5,5.222359287470465,0.021654137588651493,0.349717619433826,0.0032352284162943112,0.2986826443303398,0.005629822864158424,0.2666101799863016,0.006014020738884191,0.34316221705869365,0.007308627391342212
ODEInv w/ LoRA bw,33,44,100,75,696,10.5,stableaudio_odeinvlora_saocos_r8_a4_lr5e-5_checkpoint_step_4000_full_nfe100_t33_s44_cfgtar10.5,5.881854416121697,0.02331607667836788,0.32946219201794275,0.0031988073125356026,0.3086710510555997,0.005224457000285135,0.2706982193410332,0.006027485470771788,0.3498557807018595,0.00719890891039551
ODEInv w/ LoRA bw,33,34,100,97,696,10.5,stableaudio_odeinvlora_saocos_r8_a4_lr5e-5_checkpoint_step_4000_full_nfe100_t33_s34_cfgtar10.5,5.93936739293894,0.02303301179888039,0.3225021023833384,0.003289509077811723,0.30257371155579904,0.005110511492111466,0.2674329467264978,0.006037632592638359,0.34649584203123535,0.007156481167783725
ODEInv w/ LoRA bw,33,132,100,25,696,14.0,stableaudio_odeinvlora_saocos_r8_a4_lr5e-5_checkpoint_step_4000_full_nfe100_t33_s132_cfgtar14.0,3.1603798985995097,0.016475376666668755,0.2588742580573463,0.004496915443059764,0.17994073676276584,0.007088873171760954,0.11777630794643497,0.004584240527460526,0.16376327344446562,0.00616635016109424
ODEInv w/ LoRA bw,33,99,100,33,696,14.0,stableaudio_odeinvlora_saocos_r8_a4_lr5e-5_checkpoint_step_4000_full_nfe100_t33_s99_cfgtar14.0,3.8961647331200795,0.019601454198316635,0.302522450861964,0.004113871514015866,0.22166137016982498,0.00675522290663049,0.18719123404248264,0.005445899085902962,0.24259789571990312,0.007036221384799311
ODEInv w/ LoRA bw,33,66,100,50,696,14.0,stableaudio_odeinvlora_saocos_r8_a4_lr5e-5_checkpoint_step_4000_full_nfe100_t33_s66_cfgtar14.0,5.393302457291504,0.020938391908300675,0.35384550524663205,0.0032555067692800143,0.30840613913364223,0.005529738699934017,0.2716274960662356,0.00605041604126047,0.3561143767725591,0.007333333374596828
ODEInv w/ LoRA bw,33,44,100,75,696,14.0,stableaudio_odeinvlora_saocos_r8_a4_lr5e-5_checkpoint_step_4000_full_nfe100_t33_s44_cfgtar14.0,5.997156733668398,0.02222769487719633,0.3294382846608697,0.003189601670324373,0.3119714250129075,0.005104781890859468,0.270391300591592,0.005966089018789879,0.3526248222146044,0.007154928529705454
ODEInv w/ LoRA bw,33,34,100,97,696,14.0,stableaudio_odeinvlora_saocos_r8_a4_lr5e-5_checkpoint_step_4000_full_nfe100_t33_s34_cfgtar14.0,6.040816895863563,0.022002504216688347,0.3193155826208578,0.0032506540162298573,0.3011118883575479,0.005171099522592794,0.26418325129291576,0.006027554380183342,0.3475359618107135,0.0071841178920837735
SDEdit,50,200,100,25,696,3.5,stableaudio_sdedit_nolora_full_nfe100_t50_s200_cfgtar3.5,4.327816262532925,0.01675893199582706,0.2409757219591839,0.004353283024306129,0.1529968231115236,0.006428607108813775,0.09226259545305335,0.0045321202481695844,0.16643972776197272,0.005978960569117749
SDEdit,50,150,100,33,696,3.5,stableaudio_sdedit_nolora_full_nfe100_t50_s150_cfgtar3.5,5.169208385758245,0.017366571360791807,0.2723782884750526,0.004052658513557595,0.17049425333335558,0.005707484042357939,0.1497372168486927,0.00531560939914002,0.23498647067904602,0.006481814338759693
SDEdit,50,100,100,50,696,3.5,stableaudio_sdedit_nolora_full_nfe100_t50_s100_cfgtar3.5,6.19907390222924,0.015905184249124626,0.32764555918031824,0.003526147000154655,0.2391138681827445,0.005540059326843814,0.2517595522683756,0.006164892867441002,0.32572905764374455,0.007095560692770664
SDEdit,50,67,100,75,696,3.5,stableaudio_sdedit_nolora_full_nfe100_t50_s67_cfgtar3.5,6.531667642911962,0.016019874237677426,0.32418574643741943,0.0034394608901257067,0.25683640600509955,0.005731175928184506,0.270783064229917,0.006254863552386256,0.33782035603232136,0.007153600787968198
SDEdit,50,50,100,100,696,3.5,stableaudio_sdedit_nolora_full_nfe100_t50_s50_cfgtar3.5,6.534690576991587,0.016378183688754273,0.318077961332187,0.003513474933929371,0.24895100318659472,0.005677945512418843,0.26811650115059926,0.0062758806897345734,0.33305751524421373,0.007068136084908795
SDEdit,50,200,100,25,696,7.0,stableaudio_sdedit_nolora_full_nfe100_t50_s200_cfgtar7.0,4.353435066239587,0.016770973208097808,0.25497624971341853,0.004328601667131341,0.16702579323255226,0.006447211867679764,0.11231394715596461,0.004798360966013435,0.18738657853635693,0.006234181868133751
SDEdit,50,150,100,33,696,7.0,stableaudio_sdedit_nolora_full_nfe100_t50_s150_cfgtar7.0,5.224382892410874,0.017433294551119995,0.30280462875413633,0.00391113577418181,0.21191277794774765,0.005867578594759782,0.19222725518101333,0.0057713362227468055,0.2773775091587469,0.006953684406719231
SDEdit,50,100,100,50,696,7.0,stableaudio_sdedit_nolora_full_nfe100_t50_s100_cfgtar7.0,6.276718035580097,0.01606893227528225,0.35702429961282006,0.0031635659024859424,0.29368955427753984,0.005539903142897241,0.28361033979835437,0.006220904322426286,0.36456804060318304,0.007273261589525936
SDEdit,50,67,100,75,696,7.0,stableaudio_sdedit_nolora_full_nfe100_t50_s67_cfgtar7.0,6.5523271554502935,0.016296886484709398,0.3427024185499604,0.0032209169212523256,0.29754071086631745,0.005627795630288143,0.284922488077929,0.006226251665037187,0.35845843862190885,0.0071687736034149185
SDEdit,50,50,100,100,696,7.0,stableaudio_sdedit_nolora_full_nfe100_t50_s50_cfgtar7.0,6.556055487070047,0.016459338544335067,0.3405667726969448,0.0032198340779392106,0.2898175715891666,0.005708719775248973,0.2820627819920687,0.0063118703728905195,0.35569489469561705,0.007200841524743066
SDEdit,50,200,100,25,696,10.5,stableaudio_sdedit_nolora_full_nfe100_t50_s200_cfgtar10.5,4.3895045839392814,0.016781000655429097,0.2666959687872295,0.00429251971370488,0.17963553029871893,0.006419317516974819,0.13068258388960818,0.005062755299877956,0.20586904484494964,0.006472541502531832
SDEdit,50,150,100,33,696,10.5,stableaudio_sdedit_nolora_full_nfe100_t50_s150_cfgtar10.5,5.287458689602171,0.017366047194196273,0.32227225537488585,0.0038089150753093776,0.23877041771236523,0.005740844783785598,0.22044424465375728,0.005962950684048721,0.3057576944126919,0.007270312678941623
SDEdit,50,100,100,50,696,10.5,stableaudio_sdedit_nolora_full_nfe100_t50_s100_cfgtar10.5,6.334841203312765,0.015844660995147985,0.36282604317271355,0.0031927239809578195,0.3093450117907112,0.005461237286714182,0.2926822666964633,0.006171604966603444,0.37151458458680575,0.007344866927519694
SDEdit,50,67,100,75,696,10.5,stableaudio_sdedit_nolora_full_nfe100_t50_s67_cfgtar10.5,6.572048967591419,0.01652639603031816,0.3455464841429968,0.0031885831760224536,0.3095208337413744,0.005491670837431005,0.2871392782056308,0.006104003092322963,0.3665036178199339,0.007175102810412526
SDEdit,50,50,100,100,696,10.5,stableaudio_sdedit_nolora_full_nfe100_t50_s50_cfgtar10.5,6.577501093667586,0.01633216109582992,0.3454457211726785,0.0031554229022061116,0.30516155219928565,0.005649347605427569,0.283183952069563,0.006146561105362433,0.3648157900777356,0.0072327460700887395
SDEdit,50,200,100,25,696,14.0,stableaudio_sdedit_nolora_full_nfe100_t50_s200_cfgtar14.0,4.43166271297411,0.01675120468133834,0.27707823377334095,0.004243923565832273,0.19078836921768413,0.006393689076346963,0.1462963564176214,0.005276934914546586,0.22397329555402895,0.006713157255547244
SDEdit,50,150,100,33,696,14.0,stableaudio_sdedit_nolora_full_nfe100_t50_s150_cfgtar14.0,5.343379271321598,0.017435710242495288,0.3339128432903792,0.003690617441455126,0.25571746015740593,0.0056880688429818615,0.23627835702707714,0.0060957921776831625,0.32380316484500066,0.007439491211593998
SDEdit,50,100,100,50,696,14.0,stableaudio_sdedit_nolora_full_nfe100_t50_s100_cfgtar14.0,6.378006875457891,0.015685911402925426,0.36504915236670277,0.0031267622408541877,0.3179311298094683,0.005416059616392398,0.29508025365100166,0.006113589707964093,0.37701133772966333,0.007296336013766339
SDEdit,50,67,100,75,696,14.0,stableaudio_sdedit_nolora_full_nfe100_t50_s67_cfgtar14.0,6.590352885682007,0.016415679722290584,0.34496800523472976,0.003192722906433537,0.31747321225368236,0.005399573438580299,0.2833093517384995,0.006124859048206301,0.36675854976189953,0.007234337248144186
SDEdit,50,50,100,100,696,14.0,stableaudio_sdedit_nolora_full_nfe100_t50_s50_cfgtar14.0,6.597104657038874,0.016163506541367906,0.3460772758481802,0.003189659225431017,0.31204593971452943,0.005605231586528841,0.28134982289489485,0.006157912233804414,0.3657926955827694,0.007183731125039459
